parent_cluster,parent_name,sub_cluster,sub_name,sub_description,movie_count,avg_confidence
0,The American Frontier Odyssey,0,Western Quests and Legends,"Characterized by a focus on adventure, friendship, and action, with a strong emphasis on narrative driven by context and set design.",25,0.617
0,The American Frontier Odyssey,1,Romantic Trailblazers,Characterized by an emphasis on romance and personal relationships amidst the vast American landscape.,60,0.681
1,Crime Thrillers of Deception,0,Deception-Driven Pursuit,"Characterized by a focus on intricate plots and cat-and-mouse chases, distinguishing it from its parent rail with a greater emphasis on law enforcement narratives.",41,0.729
1,Crime Thrillers of Deception,1,California Family Deceit,"Characterized by family-centric narratives and California settings, with a focus on psychological distress and deceptive appearances.",27,0.59
2,Indian Action Dramas,0,Romantic Indian Dramas,"Characterized by an emphasis on romantic relationships and feel-good narratives, distinguishing it from the action-oriented parent rail.",78,0.949
2,Indian Action Dramas,1,Crime-Driven Indian Action,"Characterized by a strong focus on crime, justice, and retribution, setting it apart from its parent rail with a greater emphasis on action and drama over romance or comedy.",50,0.963
2,Indian Action Dramas,2,Crime Thrillers of India,"Characterized by intense crime investigations and relentless chases, setting it apart from its action-oriented parent rail.",8,1.0
2,Indian Action Dramas,3,Crime Thriller Subcluster,"Characterized by a heightened focus on suspenseful atmosphere, violent crimes, and plot twists, setting it apart from the broader Indian Action Dramas parent rail.",12,1.0
2,Indian Action Dramas,4,Bollywood Action Comedies,"Characterized by the prominent use of humor, adventure, and lighthearted tone, setting it apart from more serious Indian action dramas.",5,0.927
2,Indian Action Dramas,5,Comedic Action Thrillers,"Characterized by an emphasis on humor and adventure, distinguishing it from the more serious action dramas of the parent rail.",16,0.95
2,Indian Action Dramas,6,Psychological Thrillers of India,"Characterized by their emphasis on suspenseful storytelling and complex plot twists, distinguishing them from other Indian Action Dramas.",10,0.986
2,Indian Action Dramas,7,Psychological Thriller Sub cluster,"Characterized by elevated elements of suspense, deception, and crime, setting it apart from its action-oriented parent rail.",17,0.991
3,East Asian Action Cinema Cluster,0,Heartwarming Action Films,"Characterized by their sentimental tone and focus on coming-of-age narratives, distinguishing them from the more intense action-oriented East Asian Action Cinema Cluster.",16,0.997
3,East Asian Action Cinema Cluster,1,Fantastical Adventure Rail,"Characterized by an emphasis on fantastical elements, adventure, and young protagonists, setting it apart from the more grounded action films of the parent cluster.",12,1.0
3,East Asian Action Cinema Cluster,2,Fantasy Anime Subcluster,"Characterized by its emphasis on magical worlds, family narratives, and visually stunning animation, setting it apart from the action-oriented East Asian Action Cinema Cluster.",7,1.0
3,East Asian Action Cinema Cluster,3,Cyberpunk East Asia,"Characterized by prominent sci-fi and thriller elements, with a focus on high-tech narratives and futuristic settings.",10,0.791
3,East Asian Action Cinema Cluster,4,Fantasy-Action Fusion Subcluster,"Characterized by prominent fantasy elements and comedic undertones, setting it apart from the more serious action-oriented East Asian Action Cinema Cluster.",10,0.873
3,East Asian Action Cinema Cluster,5,Buddy Cop Dramas,"Character-driven action films that emphasize male friendships and moral redemption, often with a focus on Asian culture.",16,1.0
3,East Asian Action Cinema Cluster,6,Psychological Horror East Asia,"Characterized by an emphasis on psychological tension, supernatural themes, and somber atmospheres over traditional action and cultural elements.",9,1.0
3,East Asian Action Cinema Cluster,7,Samurai-Infused Action Films,"Characterized by their emphasis on martial arts, honor, and cultural tradition, setting them apart from the broader East Asian Action Cinema Cluster with its greater diversity of themes and genres.",27,1.0
3,East Asian Action Cinema Cluster,8,High-Octane Adventure Cluster,"Characterized by an emphasis on fast-paced action and comedic elements, setting it apart from its East Asian Action Cinema Cluster parent.",10,1.0
3,East Asian Action Cinema Cluster,9,Medieval Fantasy Action,"Characterized by its emphasis on high fantasy elements, pre-modern settings, and a focus on Asian culture, this sub-cluster diverges from the parent rail's emphasis on action and spectacle.",6,0.97
3,East Asian Action Cinema Cluster,10,Supernatural Thriller Rail,"Characterized by an emphasis on supernatural elements, eerie atmosphere, and psychological horror, setting it apart from the action-oriented East Asian Action Cinema Cluster.",20,1.0
3,East Asian Action Cinema Cluster,11,Dark Yakuza Noir,"Characterized by its focus on crime, psychological suspense, and somber atmosphere, setting it apart from the more action-oriented East Asian Action Cinema Cluster.",59,1.0
3,East Asian Action Cinema Cluster,12,Fantastical East Asian Cinema,"Characterized by an emphasis on rich visual storytelling, intricate world-building, and a blend of action and fantasy elements.",7,0.913
3,East Asian Action Cinema Cluster,13,Fantastical East Asian Action,"Characterized by an emphasis on fantasy and adventure elements, distinct from the more grounded action films of the parent cluster.",11,0.948
3,East Asian Action Cinema Cluster,14,Comedic Action Subcluster,"Characterized by an emphasis on humor and lighthearted adventure, setting it apart from the more serious action-oriented East Asian Action Cinema Cluster.",8,0.916
3,East Asian Action Cinema Cluster,15,Psychological J-Horror Subcluster,"Characterized by its intense focus on psychological horror, unsettling tone, and Japanese setting, distinct from the action-oriented East Asian Action Cinema Cluster.",12,1.0
3,East Asian Action Cinema Cluster,16,Japanese Supernatural Thrillers,"Characterized by their emphasis on supernatural phenomena and eerie atmosphere, setting them apart from the more action-oriented East Asian Action Cinema Cluster.",13,1.0
3,East Asian Action Cinema Cluster,17,Romantic Action Subcluster,"Characterized by a focus on romantic relationships and comedic elements, distinct from the action-oriented East Asian Action Cinema Cluster.",17,0.947
3,East Asian Action Cinema Cluster,18,Dark East Asian Thrillers,"Characterized by their intense focus on crime, psychological suspense, and somber atmosphere, with a distinct emphasis on exploring the complexities of human morality.",29,0.991
3,East Asian Action Cinema Cluster,19,Kung Fu Comedy Cluster,"Characterized by the prominent integration of comedic elements and lighthearted tone, setting it apart from the more serious action-oriented East Asian Action Cinema Cluster.",15,1.0
3,East Asian Action Cinema Cluster,20,Romantic Realism Cluster,"Character-driven dramas focusing on nuanced, introspective explorations of love and identity set against a backdrop of traditional Japanese culture.",14,1.0
3,East Asian Action Cinema Cluster,21,Romantic Drama Rail,"Characterized by its focus on poignant, feel-good narratives with a strong emphasis on romance and character development.",5,1.0
3,East Asian Action Cinema Cluster,22,Romantic Realism Cluster,"Characterized by its focus on nuanced, character-driven storytelling and romantic themes, distinct from the action-oriented East Asian Action Cinema Cluster.",12,0.98
3,East Asian Action Cinema Cluster,23,Romantic East Asian Cinema,"Characterized by a strong emphasis on emotional storytelling, relationships, and sentimental value, setting it apart from its action-oriented parent cluster.",9,1.0
3,East Asian Action Cinema Cluster,24,Romantic East Asian Cinema,"Characterized by an increased emphasis on romantic relationships, emotional drama, and female-centric narratives, distinct from the action-oriented focus of the parent rail.",13,1.0
3,East Asian Action Cinema Cluster,25,Psychological Thriller Subcluster,"Characterized by its intense focus on psychological suspense and crime, distinguishing it from the broader East Asian Action Cinema Cluster with its emphasis on high-stakes chases and action sequences.",16,1.0
3,East Asian Action Cinema Cluster,26,Psychological Thriller Cluster,"Characterized by an emphasis on psychological suspense, crime thrills, and complex plot twists, distinguishing it from its parent rail's focus on high-octane action sequences.",11,1.0
3,East Asian Action Cinema Cluster,27,Crime-Driven East Asia,"Characterized by a heightened focus on crime and law enforcement narratives, setting it apart from the broader East Asian Action Cinema Cluster.",8,1.0
3,East Asian Action Cinema Cluster,28,High-Octane Thrillers,"Characterized by intense action sequences and crime narratives, setting it apart from its parent rail with a greater emphasis on suspense and adrenaline-fueled storytelling.",25,1.0
3,East Asian Action Cinema Cluster,29,High-Octane Heroism Cluster,"Characterized by intense, fast-paced action sequences and a focus on individual heroism.",11,1.0
3,East Asian Action Cinema Cluster,30,High-Octane Crime Thrillers,"Characterized by intense action sequences, crime narratives, and a focus on justice, distinct from its parent rail's emphasis on post-war era settings and character-driven storytelling.",5,1.0
3,East Asian Action Cinema Cluster,31,High-Octane Hero Journeys,"Characterized by intense, plot-driven action sequences and a focus on heroic struggles for justice and retribution.",14,1.0
3,East Asian Action Cinema Cluster,32,Neo-Noir East Asia,"Characterized by its focus on crime, drama, and social class, with a distinct emphasis on culture and melancholy atmosphere.",6,1.0
3,East Asian Action Cinema Cluster,33,Romantic Drama Rail,"Characterized by an emphasis on emotional relationships and introspection, distinguishing it from the action-oriented East Asian Action Cinema Cluster.",12,0.999
3,East Asian Action Cinema Cluster,34,Romantic Realism Sub-Cluster,"Character-driven dramas that emphasize poignant mood, cultural focus, and budding romance over action-packed plots.",14,1.0
5,The Underdog's Triumph,0,Triumph of Innocence,"This sub-cluster focuses on films that emphasize the transformative power of childhood and family, often with a nostalgic and sentimental tone.",13,0.449
5,The Underdog's Triumph,1,Triumph of Vulnerable Hearts,"Characterized by an emphasis on emotional vulnerability, personal growth, and nuanced relationships over action-packed plots or triumphant victories.",16,0.781
5,The Underdog's Triumph,2,Triumphs of the Subcontinent,"Characterized by strong emphasis on Asian culture, history, and female-centric narratives, setting it apart from the parent rail's focus on American underdog stories.",7,0.571
5,The Underdog's Triumph,3,Comedic Comeback Kids,"This sub-cluster highlights films that balance humor with a triumphant underdog story, often incorporating satire and uplifting emotional tones.",19,0.824
5,The Underdog's Triumph,4,East Asian Underdogs Rise,"This sub-cluster highlights films that defy the typical underdog narrative by focusing on Asian protagonists and settings, often with a darker or more nuanced tone.",5,0.896
5,The Underdog's Triumph,5,Triumphant Rom-Coms,"Character-driven romantic comedies with uplifting emotional tones, often featuring female-centric narratives and charming protagonists.",17,0.994
5,The Underdog's Triumph,6,Triumphs of Resilience,"This sub-cluster highlights films that emphasize overcoming hardship and loss, often with a strong focus on character-driven stories and dramatic narratives.",12,0.918
5,The Underdog's Triumph,7,Triumph Over Adversity,"This sub-cluster emphasizes the underdog's personal struggle and redemption, often at the expense of lighter or more comedic elements found in the parent rail.",10,0.698
5,The Underdog's Triumph,8,Southern Dramas of Struggle,"This sub-cluster focuses on films that combine elements of Southern settings, dramatic narratives, and themes of struggle and survival.",15,0.852
6,Romantic Melodrama Cluster,0,American Romantic Whimsy,"Characterized by its blend of traditional romance and humor, set against a backdrop of rural America.",14,0.686
6,Romantic Melodrama Cluster,1,European Gothic Romance,"Characterized by a focus on mood, historical setting, and intense emotional drama, with a strong emphasis on visual and cinematic storytelling.",13,0.814
6,Romantic Melodrama Cluster,2,Melancholic Masterpieces,"Characterized by an emphasis on emotional depth, artistic expression, and atmospheric tension, setting it apart from its more lighthearted Romantic Melodrama Cluster parent.",25,0.792
6,Romantic Melodrama Cluster,3,Sun-Kissed Sentimentalism,"Characterized by an intense focus on joy, love, and uplifting emotions, setting it apart from its parent rail with a more balanced exploration of life's complexities.",12,0.733
6,Romantic Melodrama Cluster,4,Neon Noir Romanticism,"Characterized by its dark, gritty, and humorous take on romance in 21st century New York City.",7,0.934
6,Romantic Melodrama Cluster,5,Comedic Romantic Escapades,"Characterized by elevated comedy elements and reduced focus on artistic or narrative themes, setting it apart from the parent rail's emphasis on melodrama and introspection.",9,0.936
6,Romantic Melodrama Cluster,6,European Romantic Dramas,"Characterized by an emphasis on poignant, morally complex narratives set against a backdrop of European culture and history.",12,0.736
6,Romantic Melodrama Cluster,7,Dark Comedic Thrillers,"Characterized by their dark humor, crime elements, and elevated emphasis on suspenseful plot twists over traditional romantic melodrama tropes.",8,0.779
6,Romantic Melodrama Cluster,8,California Dreamscapes,"Characterized by its emphasis on lighthearted, uplifting narratives and a focus on female friendships set against the idyllic backdrop of California.",22,0.849
7,Musical Romances and Comedies,0,Elevated Biographical Dramas,"Characterized by a strong focus on biographical narratives, historical context, and dramatic storytelling, setting it apart from the more lighthearted and comedic elements of Musical Romances and Comedies.",7,0.384
7,Musical Romances and Comedies,1,Romantic Melodramas,"Characterized by an overemphasis on music and dramatic storytelling, often at the expense of comedic elements.",7,0.601
7,Musical Romances and Comedies,2,Asian-Driven Romantic Dramas,"Characterized by their focus on Asian culture, relationships, and family dynamics, setting these films apart from more generic musical romances and comedies.",19,0.985
7,Musical Romances and Comedies,3,Whimsical European Romps,"Characterized by an emphasis on fast-paced, situational humor and unconventional storytelling set against a backdrop of European settings.",96,0.975
8,Cyberpunk Odyssey Cluster,0,Satirical Sci-Fi Romps,"Characterized by an emphasis on comedic storytelling and satire, distinguishing it from the darker, more serious Cyberpunk Odyssey Cluster.",19,1.0
8,Cyberpunk Odyssey Cluster,1,Comedic Cyberpunk Revival,"Characterized by an emphasis on humor and lightheartedness, setting it apart from the darker, more serious tone of the parent rail.",7,0.922
8,Cyberpunk Odyssey Cluster,2,Satirical Sci-Fi Comedies,"Characterized by their blend of humor, satire, and science fiction elements, setting them apart from the more serious and action-oriented Cyberpunk Odyssey Cluster.",10,1.0
8,Cyberpunk Odyssey Cluster,3,Future Fantastica,"Characterized by an emphasis on high-end visual effects and fantastical elements, setting it apart from the Cyberpunk Odyssey Cluster's focus on gritty realism and technological advancement.",11,0.907
8,Cyberpunk Odyssey Cluster,4,High-Tech Fantasy Odyssey,"Characterized by an emphasis on high-end visual effects and fantastical elements, setting it apart from its cyberpunk-focused parent cluster.",33,0.974
8,Cyberpunk Odyssey Cluster,5,Dark Cyberpunk Odyssey,"Characterized by an emphasis on psychological horror and somber atmosphere, distinguishing it from the parent rail's focus on sci-fi adventure and action.",9,0.922
8,Cyberpunk Odyssey Cluster,6,Neo-Noir Action Odyssey,"Characterized by high-stakes action and suspense, with a focus on survival and fast-paced thrills.",19,0.854
8,Cyberpunk Odyssey Cluster,7,Neon Dreamscape Cluster,"Characterized by an emphasis on immersive, visually-driven narratives and a focus on sci-fi adventure and exploration.",29,1.0
8,Cyberpunk Odyssey Cluster,8,Dark Neo-Noir Subcluster,"Characterized by an emphasis on horror, tension, and survival over traditional cyberpunk themes of adventure and justice.",7,0.978
8,Cyberpunk Odyssey Cluster,9,Satirical Cyberpunk Revival,"Characterized by its use of humor, satire, and nuanced explorations of American identity, this sub-cluster offers a more grounded and irreverent take on the cyberpunk genre.",6,0.889
8,Cyberpunk Odyssey Cluster,10,Dark Cyberpunk Reckoning,"Characterized by an intensified focus on horror, survival, and suspense, with a darker tone and more explicit themes.",16,0.995
8,Cyberpunk Odyssey Cluster,11,Neon Uprising Subcluster,"Characterized by an emphasis on gritty social commentary and rebellious protagonists, distinguishing it from the Cyberpunk Odyssey Cluster's focus on high-tech spectacle and futuristic world-building.",48,1.0
8,Cyberpunk Odyssey Cluster,12,The Melancholic Vanguard,Character-driven dramas that prioritize introspection and emotional depth over fast-paced action and sci-fi adventure.,15,1.0
8,Cyberpunk Odyssey Cluster,13,Neon Dreamscape Cluster,"Characterized by an emphasis on high-tech adventure and heroic protagonists, with a focus on futuristic settings and action-driven narratives.",19,1.0
8,Cyberpunk Odyssey Cluster,14,Neon Dreamscape Cluster,"Characterized by an emphasis on high-energy visuals, thrilling adventures, and charming protagonists, distinct from the darker, more cerebral Cyberpunk Odyssey Cluster.",12,0.988
8,Cyberpunk Odyssey Cluster,15,Neuro-Dystopian Realism,"Character-driven narratives exploring complex, introspective themes set in a gritty, futuristic world.",25,0.985
8,Cyberpunk Odyssey Cluster,16,Neuro-Dystopian Thrillers,"Character-driven, psychologically complex films that explore the darker aspects of human nature set against a backdrop of futuristic Europe.",20,1.0
8,Cyberpunk Odyssey Cluster,17,Neon Dreamscape Cluster,"Characterized by an emphasis on high-end visual effects, action-packed adventures, and a focus on charismatic protagonists.",23,0.993
8,Cyberpunk Odyssey Cluster,18,Neon Deception Cluster,"Characterized by an emphasis on psychological suspense and futuristic thrills, with a focus on deception and unraveling trust.",28,0.999
8,Cyberpunk Odyssey Cluster,19,California Cyberpunk,"Characterized by a strong focus on Los Angeles and California settings, elevating the genre's typical sci-fi and action elements.",8,1.0
8,Cyberpunk Odyssey Cluster,20,Neuro-Philosophical Thrillers,"Characterized by intense psychological suspense, philosophical exploration, and intellectual stimulation, this sub-cluster delves deeper into the human condition within a cyberpunk world.",17,0.999
8,Cyberpunk Odyssey Cluster,21,Horror-Infused Cyberpunk,"Characterized by an intense focus on psychological horror and unsettling atmosphere, distinct from the parent rail's emphasis on action and adventure.",5,1.0
8,Cyberpunk Odyssey Cluster,22,Psychological Cyberpunk Thrillers,"Characterized by their intense psychological horror and suspense elements, setting them apart from other cyberpunk films that focus more on action and adventure.",15,1.0
8,Cyberpunk Odyssey Cluster,23,High-Tech Rebellion Cluster,"Characterized by an emphasis on fast-paced action, heavy gunplay, and technological advancements, this sub-cluster diverges from the parent Cyberpunk Odyssey Cluster in its focus on high-stakes rebellion and resistance.",14,1.0
8,Cyberpunk Odyssey Cluster,24,Neon Anarchy Subcluster,"Characterized by an emphasis on intense action, moral complexity, and a focus on human relationships amidst a backdrop of high-tech chaos.",7,1.0
8,Cyberpunk Odyssey Cluster,25,Neon Dreamscape Cluster,"Characterized by an emphasis on high-stakes adventure, sci-fi thrills, and action-packed narratives set against a futuristic backdrop.",18,0.994
8,Cyberpunk Odyssey Cluster,26,Neon Dreamscape Cluster,"Characterized by heightened action, suspenseful atmosphere, and a focus on adventure and survival over moral exploration and character-driven narratives.",17,0.997
8,Cyberpunk Odyssey Cluster,27,Neuro- Noir Subcluster,"Characterized by a focus on psychological suspense and mystery, with a darker tone and emphasis on internal struggles over action-oriented plot twists.",15,0.991
8,Cyberpunk Odyssey Cluster,28,Gritty Action Odyssey,"Characterized by an emphasis on high-octane action and adventure, with a focus on thrilling sequences and American settings.",5,0.977
8,Cyberpunk Odyssey Cluster,29,Psychological Cyberpunk Subversion,"Characterized by an emphasis on eerie atmosphere and psychological horror, setting it apart from the more action-oriented Cyberpunk Odyssey Cluster.",7,1.0
8,Cyberpunk Odyssey Cluster,30,Neuro-Horror Subcluster,"Characterized by an emphasis on psychological horror, eerie atmosphere, and unsettling themes, setting it apart from the Cyberpunk Odyssey Cluster's focus on futuristic thrills and technological advancements.",16,0.995
8,Cyberpunk Odyssey Cluster,31,Dystopian Realism Cluster,"Characterized by a heightened focus on societal decline, moral conflict, and somber atmosphere, this sub-cluster diverges from the parent Cyberpunk Odyssey Cluster in its emphasis on gritty, realistic portrayals of dystopian futures.",20,1.0
8,Cyberpunk Odyssey Cluster,32,Neon Existentialism Cluster,"Characterized by a heightened focus on philosophical and intellectual exploration, cultural critique, and introspective narratives.",8,1.0
8,Cyberpunk Odyssey Cluster,33,High-Octane Thrill Ride,"Characterized by an emphasis on fast-paced action and thrilling sequences, distinct from the Cyberpunk Odyssey Cluster's focus on atmospheric tension and narrative complexity.",13,1.0
8,Cyberpunk Odyssey Cluster,34,Neon Rebellion Cluster,"Characterized by an emphasis on high-stakes action, technological innovation, and a focus on overcoming adversity, setting it apart from the parent Cyberpunk Odyssey Cluster's exploration of themes such as societal decline and existential crises.",17,1.0
8,Cyberpunk Odyssey Cluster,35,Neo-Noir Satire Cluster,"Characterized by a focus on dark humor and social commentary, distinct from the Cyberpunk Odyssey Cluster's emphasis on action and futuristic settings.",9,1.0
8,Cyberpunk Odyssey Cluster,36,Dark Neo-Noir Odyssey,"Characterized by its emphasis on somber and eerie tone, with a focus on science thrillers and horror elements.",6,1.0
8,Cyberpunk Odyssey Cluster,37,California Cyberpunk Thrillride,Characterized by a focus on high-stakes action and technology-driven narratives set against the backdrop of Los Angeles.,9,1.0
8,Cyberpunk Odyssey Cluster,38,Neo-Noir Renaissance,"Characterized by a focus on gritty, crime-ridden narratives with a strong emphasis on psychological tension and atmospheric visuals.",6,1.0
8,Cyberpunk Odyssey Cluster,39,High-Tech Action Odyssey,"Characterized by prominent action and adventure elements, with a focus on high-tech spectacle over dystopian or sci-fi themes.",14,1.0
8,Cyberpunk Odyssey Cluster,40,Psychological Cyberpunk,"Characterized by an emphasis on introspection, philosophical exploration, and psychological suspense over action-packed thrills.",15,1.0
8,Cyberpunk Odyssey Cluster,41,Psychological Cyberpunk Subcluster,"Characterized by an emphasis on introspection, philosophical exploration, and complex moralities, this subcluster diverges from the parent rail's focus on high-stakes action and technological spectacle.",9,1.0
8,Cyberpunk Odyssey Cluster,42,Neon Dystopian Thrillers,"Characterized by their intense, high-stakes action sequences and exploration of societal decline, this sub-cluster diverges from the parent Cyberpunk Odyssey Cluster through its emphasis on relentless chases and futuristic thrillers.",5,1.0
8,Cyberpunk Odyssey Cluster,43,Horror-Infused Cyberpunk,"Characterized by an emphasis on psychological horror and a somber, eerie tone, distinct from the parent rail's focus on sci-fi adventure and futuristic thrills.",11,0.955
8,Cyberpunk Odyssey Cluster,44,Psychological Cyberpunk Nightmare,"Characterized by an intense focus on psychological horror, moral exploration, and a somber tone, setting it apart from the parent rail's emphasis on action and adventure.",6,1.0
8,Cyberpunk Odyssey Cluster,45,Neuro-Horror Subcluster,"Characterized by an intensified focus on psychological horror and unease, setting it apart from the Cyberpunk Odyssey Cluster's emphasis on high-stakes action and technological exploration.",16,0.999
8,Cyberpunk Odyssey Cluster,46,Neon Anarchist Uprising,"Characterized by an increased emphasis on social commentary and rebellion against oppressive systems, setting it apart from the broader Cyberpunk Odyssey Cluster.",9,1.0
8,Cyberpunk Odyssey Cluster,47,Neon Anarchy Subcluster,"Characterized by an emphasis on gritty, high-octane action and crime thrillers, with a focus on dystopian futures and social upheaval.",13,1.0
8,Cyberpunk Odyssey Cluster,48,Southern Gothic Cyberpunk,"Characterized by its blend of dark humor, rural settings, and a focus on the grotesque and unsettling, this sub-cluster diverges from the parent rail's emphasis on high-tech thrills and sci-fi adventure.",11,1.0
8,Cyberpunk Odyssey Cluster,49,Dark Cyberpunk Requiem,"Characterized by an emphasis on psychological horror and supernatural elements, setting it apart from its cyberpunk counterparts with a focus on eerie tone and unsettling atmosphere.",10,1.0
9,Epic Quests of Old England,0,Medieval Action Sagas,"Characterized by their blend of historical action, fantasy elements, and heroic narratives set against a backdrop of medieval England.",27,0.818
9,Epic Quests of Old England,1,French Renaissance Revival,"Characterized by a strong emphasis on European settings, aristocratic themes, and adventure-driven narratives.",8,0.421
9,Epic Quests of Old England,2,American Odyssey Subcluster,"Characterized by a focus on cultural exploration and survival, distinct from the traditional epic quests of Old England.",25,0.788
10,Whimsical Fantasy Comedies,0,Fantastical Family Romps,"Characterized by an emphasis on wholesome, family-friendly humor and narrative, with a focus on childhood bonds and adventures.",22,1.0
10,Whimsical Fantasy Comedies,1,Fantastical Romps with Heroes,"Character-driven comedies that emphasize brave protagonists and self-discovery, often set in medieval fantasy realms.",28,1.0
10,Whimsical Fantasy Comedies,2,East Asian Sci-Fi Satire,"Characterized by its blend of futuristic and satirical elements, often incorporating Asian culture and themes into a comedic narrative.",18,0.953
10,Whimsical Fantasy Comedies,3,Future-Fantasy Comedies,"Characterized by a strong emphasis on science fiction elements, futuristic settings, and technological advancements, setting it apart from the parent rail's focus on more traditional fantasy and comedic elements.",7,0.989
10,Whimsical Fantasy Comedies,4,Sci-Fi Whimsy Comedies,"Characterized by a strong emphasis on science fiction elements and futuristic settings, setting this sub-cluster apart from the parent rail of whimsical fantasy comedies.",9,1.0
10,Whimsical Fantasy Comedies,5,Fantastical Romps with Royalty,"This sub-cluster emphasizes fantastical realms, comedic takes on royal hierarchies, and stories of self-discovery amidst whimsical fantasy comedies.",11,1.0
10,Whimsical Fantasy Comedies,6,Dark Whimsy Subversions,"This sub-cluster combines elements of dark fantasy and satire with traditional whimsical comedy, often subverting audience expectations and presenting a more cynical take on the parent rail's lighthearted tone.",6,0.916
10,Whimsical Fantasy Comedies,7,Fantastical Moodscapes,"This sub-cluster stands out from its parent rail by emphasizing a focus on atmosphere and mood, often incorporating darker and more eerie elements to create a unique blend of whimsy and fantasy.",15,0.948
10,Whimsical Fantasy Comedies,8,Fantastical Romantic Escapades,"Characterized by an emphasis on romantic drama and whimsical fantasy elements, setting it apart from its parent rail of Whimsical Fantasy Comedies.",8,0.89
10,Whimsical Fantasy Comedies,9,Surrealistic Dreamscapes,"Characterized by an emphasis on intellectual exploration, philosophical inquiry, and unconventional narrative structures, setting it apart from the parent rail's more lighthearted and adventurous tone.",9,0.914
10,Whimsical Fantasy Comedies,10,Dark Whimsy Comedies,"Characterized by a focus on psychological complexity, dark humor, and unsettling themes, setting it apart from its whimsical fantasy comedy parent rail.",23,0.936
10,Whimsical Fantasy Comedies,11,Sci-Fi Whimsy Romps,"Characterized by an emphasis on science fiction elements, animated CGI, and superhero triumphs, setting this sub-cluster apart from the parent rail's focus on more traditional fantasy comedies.",24,0.999
10,Whimsical Fantasy Comedies,12,Fantastical Family Romps,"Characterized by an emphasis on heartwarming family narratives, rural settings, and joyful emotional expression, setting it apart from the parent rail's focus on adventure and comedy.",8,0.987
10,Whimsical Fantasy Comedies,13,Animated Buddy Romps,"Character-driven comedies featuring animated CGI and buddy relationships, often with a focus on situational humor and American settings.",29,1.0
10,Whimsical Fantasy Comedies,14,East Asian Whimsy Comedies,"Characterized by an emphasis on Asian culture, mythology, and setting, with a focus on lighthearted adventure and humor.",16,0.995
10,Whimsical Fantasy Comedies,15,Fantasy with Dark Twists,"This sub-cluster combines whimsical fantasy elements with darker, more ominous themes and features, setting it apart from its parent rail through the presence of horror, sci-fi, and action elements.",6,1.0
10,Whimsical Fantasy Comedies,16,East Asian Whimsy Romps,"Characterized by its emphasis on romance, sports settings, and raw humor, setting East Asia, this sub-cluster stands out from the parent rail with its unique blend of cultural specificity and comedic tone.",15,1.0
10,Whimsical Fantasy Comedies,17,Fantasy Family Farce,"Characterized by an emphasis on wholesome family dynamics and comedic storytelling, distinct from Whimsical Fantasy Comedies' focus on fantastical realms and action-adventure elements.",30,1.0
10,Whimsical Fantasy Comedies,18,British Buddy Romps,"Character-driven comedies with talking animals, set in rural UK, and featuring joyful emotional expression.",16,1.0
10,Whimsical Fantasy Comedies,19,Fantastical Romps & Escapades,"Characterized by an emphasis on joyful emotional expression, whimsical creatures and spells, and a focus on feel-good narratives.",24,1.0
10,Whimsical Fantasy Comedies,20,California Dream Comedies,"Characterized by their emphasis on music, art, and metropolitan settings, distinguishing them from Whimsical Fantasy Comedies with a stronger focus on fantasy worlds and adventure.",7,1.0
10,Whimsical Fantasy Comedies,21,Ethereal Coming-of-Age Comedies,"Character-driven, whimsical tales that balance fantastical elements with relatable coming-of-age themes.",6,1.0
10,Whimsical Fantasy Comedies,22,Heartwarming Americana Fantasies,"Characterized by an emphasis on sentimental family narratives, set against a backdrop of wholesome American settings.",20,0.966
10,Whimsical Fantasy Comedies,23,Animated Escapades,"Characterized by prominent use of CGI animation and a focus on lighthearted, comedic storytelling.",7,1.0
10,Whimsical Fantasy Comedies,24,Fantasy Comedies with Heart,"Character-driven stories that balance whimsy and emotional depth, often featuring relatable life changes and uplifting endings.",5,1.0
11,Thrill Ride Horror Adventures,0,Psychological Pursuit Thrills,"Character-driven, suspenseful thrillers that emphasize psychological horror and intense friendships over action-packed chases.",10,0.62
11,Thrill Ride Horror Adventures,1,High-Octane Thriller Fusion,"Characterized by elevated action, adventure, and sci-fi elements, with suppressed horror and thriller genres.",23,0.821
13,War and Human Struggle,0,European Wartime Odyssey,"Characterized by a strong focus on historical context, group dynamics, and moral struggles set against the backdrop of European wartime experiences.",93,0.961
13,War and Human Struggle,1,Family Torn Apart,Characterized by an intense focus on family dynamics and emotional struggles amidst war and conflict.,10,0.903
13,War and Human Struggle,2,Romantic Realities of War,"This sub-cluster explores the intersection of romance and human struggle during wartime, often focusing on personal relationships amidst conflict.",24,0.843
13,War and Human Struggle,3,Comedic Resistance,"This sub-cluster highlights films that use humor to cope with and resist the struggles of war, offering a lighter take on the parent rail's darker themes.",12,0.843
13,War and Human Struggle,4,The Struggle for Identity,"This sub-cluster distinguishes itself from the parent rail by focusing on the internal conflicts and personal struggles of individuals, particularly those set against a backdrop of war or social upheaval in Asia.",18,0.895
13,War and Human Struggle,5,Satirical Reckoning,"Characterized by its use of dark humor and satire to critique societal issues, politics, and cultural norms.",6,0.953
13,War and Human Struggle,6,Female Fury Films,"Characterized by intense female-centric narratives and action-packed plots, often blending genres like thriller and adventure.",8,1.0
13,War and Human Struggle,7,Eastern Frontline Thrillers,"Characterized by high-stakes action and suspense, these films focus on Asian settings and feature intense, thrilling narratives.",8,1.0
14,The Biographical Odyssey Cluster,0,Comedic Biographical Romps,"Characterized by an emphasis on comedic storytelling and lighthearted tone, setting this sub-cluster apart from the more serious biographical odysseys of its parent rail.",36,0.996
14,The Biographical Odyssey Cluster,1,Thriller Biographics,"Characterized by an emphasis on suspenseful narratives and political intrigue, distinguishing them from the broader biographical odyssey cluster.",11,1.0
14,The Biographical Odyssey Cluster,2,East Asian Epics,"Characterized by a strong focus on Asian culture, history, and politics, with an emphasis on dramatic storytelling set against the backdrop of East Asia.",24,0.953
14,The Biographical Odyssey Cluster,3,American Exceptionalism Sub-Cluster,"Characterized by an emphasis on American identity, social class, and historical context, setting it apart from its biographical counterparts.",15,1.0
14,The Biographical Odyssey Cluster,4,The Eastern Epic Cluster,"Characterized by an emphasis on Asian settings, cultural heritage, and historical themes, distinguishing it from the broader Biographical Odyssey Cluster with its focus on Indian and Southeast Asian stories.",6,0.959
14,The Biographical Odyssey Cluster,5,Historical Figures' Quests,"This sub-cluster focuses on biographical narratives that emphasize personal struggles and moral explorations, often set against the backdrop of historical events or social movements.",42,0.997
14,The Biographical Odyssey Cluster,6,Dark Coming-of-Age Narratives,"Characterized by a focus on the protagonist's psychological struggles and violent crimes, often with a dismal and unsettling tone.",11,0.884
14,The Biographical Odyssey Cluster,7,Triumph Over Adversity,"This sub-cluster stands out from its parent by focusing on uplifting, feel-good narratives with a strong emphasis on overcoming challenges and achieving success.",18,0.991
14,The Biographical Odyssey Cluster,8,Epic Historical Quests,"Characterized by prominent religious themes, historical narratives, and adventure elements, setting it apart from the broader biographical odyssey cluster.",17,0.992
14,The Biographical Odyssey Cluster,9,Epic Historical Narratives,"Characterized by grandiose storytelling, lavish production values, and a focus on historical figures and events.",15,0.933
14,The Biographical Odyssey Cluster,10,War-Era Coming-of-Age,"Character-driven narratives set during World War II, emphasizing personal growth and relationships amidst historical turmoil.",12,1.0
14,The Biographical Odyssey Cluster,11,Comedic Triumphs,"Characterized by an emphasis on humor and lightheartedness, with a focus on comedic protagonists and uplifting emotional tones.",7,0.776
14,The Biographical Odyssey Cluster,12,Crime-Driven Biographies,"Characterized by intense crime narratives and a focus on justice, these films diverge from their biographical counterparts with a heightened emphasis on action and suspense.",10,1.0
14,The Biographical Odyssey Cluster,13,American Triumphalism Cluster,"Characterized by an emphasis on overcoming adversity and achieving success, often with a focus on American culture and historical context.",18,0.993
14,The Biographical Odyssey Cluster,14,Action-Driven Epics,"Characterized by intense action sequences, suspenseful atmosphere, and a focus on heroic struggle, distinguishing them from the more introspective biographical narratives of the parent rail.",21,0.994
14,The Biographical Odyssey Cluster,15,Epic Historical Quests,"Characterized by a focus on grand, action-packed narratives set against historical or mythological backdrops.",16,0.995
14,The Biographical Odyssey Cluster,16,Medieval Epics,"Characterized by historical and cultural focus, often set in medieval Europe with a strong emphasis on narrative driven by context.",16,0.996
14,The Biographical Odyssey Cluster,17,Epic Masterpiece Cluster,"Characterized by grand, sweeping narratives and an emphasis on artistic expression, philosophical exploration, and historical context.",7,0.964
14,The Biographical Odyssey Cluster,18,Family Formative Trauma,"Characterized by an intense focus on family struggles and formative hardships, setting it apart from the broader biographical odyssey cluster.",6,0.942
14,The Biographical Odyssey Cluster,19,Family Triumphs and Tragedies,"Character-driven dramas focusing on family struggles, redemption, and personal growth, often with a mix of uplifting and melancholic tones.",13,1.0
14,The Biographical Odyssey Cluster,20,Romantic Biographical Odyssey,"Characterized by an emphasis on personal relationships and emotional journeys, distinguishing it from the broader biographical odyssey cluster.",33,0.991
14,The Biographical Odyssey Cluster,21,California Dream Odyssey,"Characterized by a strong emphasis on California setting and themes, distinct from the broader biographical odyssey cluster.",8,1.0
14,The Biographical Odyssey Cluster,22,The Theatrical Biopic Cluster,"Characterized by elevated emphasis on visual and philosophical storytelling, distinct from the broader biographical odyssey cluster through its focus on cinematic craftsmanship and intellectual exploration.",15,1.0
14,The Biographical Odyssey Cluster,23,Action-Driven Epics,"Characterized by high action and adventure elements, with a focus on heroic journeys and personal struggles.",7,0.817
14,The Biographical Odyssey Cluster,24,The Intellectual Quest Cluster,"Characterized by a focus on philosophical and intellectual exploration, this sub-cluster delves into the inner workings of historical personalities' minds.",29,0.974
14,The Biographical Odyssey Cluster,25,European Aristocratic Dramas,"Characterized by their focus on affluent social classes and European settings, with a strong emphasis on biographical narratives and romantic drama.",10,1.0
14,The Biographical Odyssey Cluster,26,Epic Historical Dramas,"Characterized by grand, sweeping narratives and meticulous attention to historical detail.",8,1.0
14,The Biographical Odyssey Cluster,27,The Historical Epic Subcluster,"Characterized by a strong focus on historical context, cultural significance, and deliberate visual storytelling.",12,0.987
14,The Biographical Odyssey Cluster,28,Dark Biographical Realism,"Characterized by a focus on the darker aspects of human experience and historical events, setting it apart from the more traditional biographical odysseys in The Biographical Odyssey Cluster.",16,1.0
14,The Biographical Odyssey Cluster,29,Southern Crime Thrillers,"Characterized by their dark, gritty portrayal of crime and law enforcement in the American South.",7,1.0
14,The Biographical Odyssey Cluster,30,Crime's Dark Reflection,"Characterized by an intense focus on crime and psychological suspense, setting it apart from its biographical counterparts.",18,1.0
14,The Biographical Odyssey Cluster,31,Crime-Fueled Biographies,"This sub-cluster combines elements of crime thrillers and biographical narratives, focusing on the darker aspects of historical figures' lives.",16,1.0
14,The Biographical Odyssey Cluster,32,Crime-Fueled Odyssey,"Characterized by intense crime and suspenseful narratives, setting it apart from its biographical counterparts with a focus on thrilling chases and relentless investigations.",8,1.0
15,The Biographical Odyssey Cluster,0,The Historical Renaissance Subcluster,"Characterized by an intense focus on historical context, cultural significance, and biographical narrative, setting it apart from its parent cluster with a more nuanced exploration of the human experience.",14,0.776
15,The Biographical Odyssey Cluster,1,Urban Psychological Thrillers,Characterized by intense psychological drama and complex relationships set against the backdrop of New York City.,11,0.942
15,The Biographical Odyssey Cluster,2,Southern American Epics,"Characterized by a strong focus on rural, Southern-set stories with classic fall-rise plot arcs and a lead worth cheering for.",5,0.604
16,Wholesome Family Fantasies,0,Family Friendly Farce,"Character-driven comedies with minimal fantasy elements, focusing on witty humor and relatable family dynamics.",12,0.88
16,Wholesome Family Fantasies,1,Immersive Fantasy Escapism,"Characterized by an emphasis on visually stunning worlds, magical creatures, and thrilling adventures, setting it apart from the parent rail's focus on more grounded, feel-good narratives.",17,0.912
16,Wholesome Family Fantasies,2,Epic Quests and Realms,"Characterized by high levels of fantasy world-building, adventure, and epic storytelling, distinguishing it from the more lighthearted and family-focused Wholesome Family Fantasies.",53,0.972
16,Wholesome Family Fantasies,3,Comedic Escapism Cluster,"Characterized by an emphasis on lighthearted, humorous storytelling and a focus on entertaining family-friendly adventures.",18,0.978
16,Wholesome Family Fantasies,4,Lighthearted Mythic Romps,"Characterized by an emphasis on comedic fantasy elements, whimsical creatures, and heartwarming family dynamics.",9,0.895
16,Wholesome Family Fantasies,5,Southern Gothic Fantasies,"Characterized by a strong emphasis on moral redemption and rural settings, distinct from Wholesome Family Fantasies' focus on family dramas and sentimental tone.",13,0.841
16,Wholesome Family Fantasies,6,Heartwarming Life Stories,"Character-driven dramas focusing on family, hardship, and healing, distinct from Wholesome Family Fantasies by prioritizing realistic, poignant narratives over fantastical elements.",68,0.992
16,Wholesome Family Fantasies,7,Heartwarming Quests,"Characterized by a strong emphasis on friendship and camaraderie, setting it apart from its wholesome family fantasy counterparts.",55,0.989
16,Wholesome Family Fantasies,8,Family Friendly Farce,"Characterized by an emphasis on slapstick humor, absurdity, and lighthearted adventure.",19,0.98
16,Wholesome Family Fantasies,9,Fantastical Coming-of-Age Quests,"Character-driven by youthful adventures and supernatural elements, with a focus on narrative-driven storytelling over traditional family dynamics.",5,0.841
16,Wholesome Family Fantasies,10,Lighthearted Escapism,"Characterized by an emphasis on humor, adventure, and positive emotional tone, setting it apart from its parent rail with a focus on more dramatic or serious themes.",16,1.0
16,Wholesome Family Fantasies,11,Epic Quests and Wonderlands,"Characterized by an emphasis on high-stakes adventure, fantastical world-building, and a focus on the protagonist's journey.",8,0.978
16,Wholesome Family Fantasies,12,Family Friendly Follies,"Characterized by an emphasis on situational humor and wholesome comedy, setting it apart from its parent rail with a focus on everyday family life.",19,1.0
16,Wholesome Family Fantasies,13,Romantic Whimsy Cluster,"Characterized by an emphasis on lighthearted, comedic romance and heartwarming emotional tone, distinguishing it from the parent rail's focus on family-centric narratives.",6,0.967
16,Wholesome Family Fantasies,14,Heartwarming American Romps,"Characterized by a strong emphasis on wholesome, family-centric storytelling with a focus on romantic relationships and comedic elements.",11,1.0
17,Medieval Fantasy Odyssey Cluster,0,Modernized Medieval Thrillers,"Characterized by a focus on action, supernatural phenomena, and fast-paced narratives set in modern America.",22,0.535
17,Medieval Fantasy Odyssey Cluster,1,American Romantic Quests,"Characterized by a focus on romantic drama, female-centric narratives, and coming-of-age tales set in America.",8,0.341
17,Medieval Fantasy Odyssey Cluster,2,Dark Medieval Quests,"Characterized by a focus on retribution and moral complexity, with a somber atmosphere and fewer fantastical elements than the parent rail.",17,0.853
17,Medieval Fantasy Odyssey Cluster,3,Submerged Realms,"Characterized by an emphasis on atmospheric, narrative-driven storytelling and a focus on the inner journeys of its protagonists.",10,0.574
17,Medieval Fantasy Odyssey Cluster,4,Chivalric Dramas,Character-driven medieval fantasies emphasizing noble themes and familial struggles over fantastical elements.,10,0.659
17,Medieval Fantasy Odyssey Cluster,5,Contemporary Urban Fantasy,"Characterized by late 20th and early 21st century narratives, urban settings, and a blend of horror, drama, and fantasy elements.",9,0.504
17,Medieval Fantasy Odyssey Cluster,6,Epic Quests and Heroes,"This sub-cluster emphasizes grand adventures, heroic protagonists, and a focus on good vs. evil conflicts, setting it apart from the parent rail's emphasis on historical and fantastical elements.",5,0.917
17,Medieval Fantasy Odyssey Cluster,7,Island Infusions,"Characterized by an emphasis on island settings, comedic protagonists, and fantastical elements, distinguishing it from the parent rail's focus on traditional medieval fantasy tropes.",15,0.862
18,Whimsical Fantastical Comedies,0,Romantic Escapism Subcluster,"Characterized by an emphasis on feel-good narratives, heterosexual relationships, and a focus on family restoration, this subcluster diverges from the parent rail's broader exploration of fantastical worlds and narrative originality.",16,0.972
18,Whimsical Fantastical Comedies,1,Fantastical Quest Comedies,"Characterized by an emphasis on absurd, humorous adventures and group quests over individual self-discovery or romantic relationships.",14,0.794
18,Whimsical Fantastical Comedies,2,Urban Whimsy Comedies,"Characterized by their focus on romantic relationships and NYC settings, with a blend of fantasy elements and comedic tone.",5,1.0
18,Whimsical Fantastical Comedies,3,Darkly Satirical Whimsy,"This sub-cluster stands out from its parent with a focus on sharp, irreverent humor and biting social commentary.",11,0.699
18,Whimsical Fantastical Comedies,4,Dramatic Whimsy Subversion,"This sub-cluster combines the fantastical elements of 'Whimsical Fantastical Comedies' with a heightened focus on drama, character development, and social commentary.",12,0.945
18,Whimsical Fantastical Comedies,5,Ethereal Comedy Explorations,"Characterized by an emphasis on philosophical and intellectual exploration, elevated cinematography, and a focus on mood over traditional comedic elements.",14,0.856
18,Whimsical Fantastical Comedies,6,Romantic Realms,"Characterized by a strong emphasis on family, relationships, and sentimental narratives, setting it apart from its whimsical fantastical comedy parent rail.",6,0.96
18,Whimsical Fantastical Comedies,7,Romantic Fantasies with Mortalities,"This sub-cluster combines whimsical fantastical elements with a focus on romance, loss, and mortality, setting it apart from the parent rail's emphasis on humor and lightheartedness.",17,1.0
18,Whimsical Fantastical Comedies,8,Urban Satirical Romps,"This sub-cluster distinguishes itself from its parent rail by focusing on comedies set in New York City, often incorporating satire and moral exploration.",12,0.935
18,Whimsical Fantastical Comedies,9,Comedic Fantasies with Bite,"This sub-cluster stands out from its parent rail by incorporating darker wit, supernatural elements, and a focus on adventure comedy, setting it apart as a more irreverent and subversive take on the whimsical fantastical comedy genre.",15,1.0
18,Whimsical Fantastical Comedies,10,Comedic Anarchy Subcluster,"Characterized by an emphasis on absurd humor, satire, and unconventional storytelling, setting it apart from its whimsical fantastical comedy parent rail.",14,0.981
20,Gritty Crime Comedies,0,Psychological Gritty Thrillers,"Characterized by a darker, more introspective tone and exploration of psychological complexities.",12,0.449
20,Gritty Crime Comedies,1,American Action Comedies,"Characterized by an emphasis on fast-paced action and comedic protagonists, setting a distinct tone from grittier crime comedies.",47,0.762
21,Romantic Realities,0,Wartime Romances,"Characterized by their focus on action, adventure, and suspenseful narratives set during wartime, distinguishing them from the parent rail's emphasis on romance and relationships.",17,0.95
21,Romantic Realities,1,Dark Romantic Realities,"Characterized by heightened tension and crime elements, distinguishing it from the parent rail's focus on romance and relationships.",15,0.831
21,Romantic Realities,2,Fantastical Quests,"Characterized by an emphasis on action, adventure, and fantasy elements, setting it apart from the more introspective and emotionally focused Romantic Realities.",25,0.986
21,Romantic Realities,3,Bittersweet Entanglements,"Character-driven romantic dramas with a focus on poignant, relatable narratives and suppressed action/adventure elements.",64,0.964
22,Dark Fantasy Horror Realm,0,Whimsical Dark Fantasy,"Characterized by an emphasis on humor, fantastical elements, and energetic emotional tone, setting it apart from the darker, more somber films of the parent rail.",33,0.708
22,Dark Fantasy Horror Realm,1,French Noir Dark Fantasy,"Characterized by its focus on atmospheric, morally complex narratives set against the backdrop of 1950s and 60s Los Angeles and France.",6,0.348
22,Dark Fantasy Horror Realm,2,Psychological Shadows Realm,"Characterized by an intense focus on the inner turmoil and psychological struggles of its protagonists, setting it apart from the more action-oriented and supernatural elements found in the parent Dark Fantasy Horror Realm.",6,0.853
22,Dark Fantasy Horror Realm,3,Psychological Dark Realms,"Characterized by intense psychological horror and suspense, distinguishing it from the parent rail's focus on overt supernatural elements.",24,0.439
22,Dark Fantasy Horror Realm,4,Dark European Gothic,"Characterized by a focus on rural settings, psychological suspense, and somber atmospheres, with a emphasis on cultural context and female-centric narratives.",13,0.936
22,Dark Fantasy Horror Realm,5,Medieval Macabre Realms,"Characterized by pre-modern settings, rural storylines, and a focus on medieval fantasy elements, with an emphasis on atmospheric tension and visual beauty.",7,0.785
23,Coming-of-Age Romances,0,Romantic Comedies of Adulthood,"This sub-cluster focuses on adult relationships, humor, and romantic drama, distinguishing itself from its parent rail by emphasizing the comedic aspects of coming-of-age narratives.",19,0.885
23,Coming-of-Age Romances,1,Comedic Coming-of-Ages,"Characterized by a strong emphasis on humor and lighthearted tone, setting it apart from more dramatic coming-of-age romances.",13,0.922
23,Coming-of-Age Romances,2,Feature 1007 and Self-Discovery,"Characterized by strong emphasis on female friendships, early life dramas, and personal growth, setting it apart from the parent rail's focus on romantic relationships.",16,0.747
23,Coming-of-Age Romances,3,Romantic Dramas of Self-Discovery,"Characterized by a strong focus on psychological challenges and self-discovery, often with a more serious tone than typical coming-of-age romances.",5,0.69
23,Coming-of-Age Romances,4,European Coming-of-Age Melancholy,"Characterized by a focus on introspective, post-war narratives set in Europe, exploring themes of family struggles and psychological distress.",15,0.674
25,French Romantic Dramas,0,French Coming-of-Age Romances,"Characterized by a strong focus on formative hardships, self-discovery, and relationships, setting it apart from the parent rail's emphasis on mourning, culture, and visual authorship.",8,0.539
25,French Romantic Dramas,1,Dark French Romantics,"Characterized by their intense, melancholic exploration of human relationships and morality.",15,0.449
25,French Romantic Dramas,2,French Coming-of-Age Romances,"Characterized by self-discovery and relationships, with a focus on personal growth and transformation.",17,0.985
25,French Romantic Dramas,3,French Comedies of Heart,"Characterized by their lighthearted tone and focus on female friendships, these films subvert the typical dramatic intensity of French Romantic Dramas.",6,0.854
25,French Romantic Dramas,4,French Comedic Romances,"Characterized by their lighthearted tone, comedic elements, and feel-good narratives.",11,0.693
25,French Romantic Dramas,5,French Existentialist Romances,"Characterized by their exploration of existential crises and moral dilemmas, setting them apart from more traditional French Romantic Dramas.",12,0.726
25,French Romantic Dramas,6,French Dark Realism,"Characterized by a focus on psychological suspense, unsettling tone, and unconventional storytelling, setting it apart from its parent rail's emphasis on romance and hopeful narratives.",7,0.537
26,The Shadowed Thrill Ride,0,Psychological Family Thrills,"Characterized by a focus on family struggles, self-discovery, and psychological manipulation, setting it apart from the parent rail's emphasis on crime, detection, and action.",8,0.87
26,The Shadowed Thrill Ride,1,Psychological Descent into Darkness,"Characterized by an increased emphasis on psychological turmoil and atmospheric unease, setting it apart from its thriller parent rail.",29,0.953
26,The Shadowed Thrill Ride,2,Thrilling Social Commentary,"This sub-cluster distinguishes itself from The Shadowed Thrill Ride by focusing on socially conscious themes and issues, elevating elements like crime, culture, and social class above the parent rail's emphasis on suspense and thrills.",8,1.0
26,The Shadowed Thrill Ride,3,Thrill Ride of Paranoia,"Characterized by an intense focus on psychological turmoil and self-discovery, setting it apart from its parent rail's emphasis on crime and pursuit of justice.",28,0.938
26,The Shadowed Thrill Ride,4,Dark Aesthetic Subversion,"This sub-cluster distinguishes itself from 'The Shadowed Thrill Ride' by emphasizing a focus on intellectual exploration, philosophical themes, and unconventional directorial approaches, often at the expense of traditional thriller elements.",9,0.907
26,The Shadowed Thrill Ride,5,Dark American Noir Odyssey,"Characterized by an intense focus on psychological crime and neighborhood stories, with a distinctively dark tone and emphasis on pursuit of justice.",27,0.993
26,The Shadowed Thrill Ride,6,Thrilling Noir Escapades,"Characterized by a focus on witty banter, comedic relief, and lighthearted tone, setting it apart from the darker, more suspenseful thrill rides of its parent rail.",9,0.702
26,The Shadowed Thrill Ride,7,European Noir Thriller,"Characterized by its dark, atmospheric setting and emphasis on intellectual puzzle-solving over action-driven thrills.",29,0.913
26,The Shadowed Thrill Ride,8,American Crime Odyssey,"Characterized by its focus on American settings and law enforcement narratives, distinct from the parent rail's emphasis on global thrills and chases.",30,0.932
26,The Shadowed Thrill Ride,9,Dark European Noir Thrills,"Characterized by its emphasis on dark, gritty storytelling and a focus on European settings, this sub-cluster elevates the crime thriller genre with a unique blend of suspenseful plots and morally complex characters.",12,1.0
26,The Shadowed Thrill Ride,10,Thrilling Deceptions,"Characterized by an emphasis on clever plot twists, deception, and psychological manipulation, setting it apart from its parent rail with a focus on thrill rides.",41,0.968
27,The European Noir Thrillers,0,Psychological Crime Thrillers,"Characterized by heightened psychological suspense and complex, twisty plots.",11,0.549
27,The European Noir Thrillers,1,European Comedy Thrillers,"Characterized by incorporating comedic elements and focusing on friendships, self-discovery, and cultural exploration.",47,0.799
29,Romantic NYC Comedies,0,Dark Romantic NYC,"Characterized by its focus on psychological distress and moral conflict, this sub-cluster explores the complexities of love and relationships in a gritty, post-war New York City.",48,0.662
29,Romantic NYC Comedies,1,Comedic Love Stories,"Characterized by a strong focus on humor and lighthearted romance, distinguishing it from its parent rail's emphasis on more dramatic or poignant romantic narratives.",6,0.28
29,Romantic NYC Comedies,2,Optimistic Love Stories,"Characterized by an emphasis on lighthearted, feel-good narratives and relationships over more complex or dramatic themes.",26,0.845
30,Romantic Comedies of Self-Discovery,0,California Dream RomComs,"Characterized by their focus on the entertainment industry and California settings, which sets them apart from other Romantic Comedies of Self-Discovery with more emphasis on moral exploration and cultural context.",52,0.988
30,Romantic Comedies of Self-Discovery,1,European Romantic Dramas of Sorrow,"Characterized by their focus on melancholic atmospheres, moral conflicts, and somber tones, these films diverge from the parent rail's emphasis on comedic elements and happy endings.",41,0.962
30,Romantic Comedies of Self-Discovery,2,Family-Focused RomComs,"Characterized by an emphasis on family dynamics and relationships, setting it apart from more self-focused romantic comedies within the parent rail.",20,0.975
30,Romantic Comedies of Self-Discovery,3,Island Rom-Coms of Growth,"This sub-cluster distinguishes itself from the parent rail by focusing on female-centric narratives and island settings, while suppressing traditional elements like late 20th/early 21st century narratives and moral exploration.",47,0.975
30,Romantic Comedies of Self-Discovery,4,Family-Driven Rom-Coms,"This sub-cluster emphasizes family dynamics and struggles, setting it apart from the broader Romantic Comedies of Self-Discovery rail by focusing on the protagonist's journey through family relationships and experiences.",18,0.911
30,Romantic Comedies of Self-Discovery,5,Female-Centric RomComs of Growth,"This sub-cluster emphasizes female friendships and bonding as a central aspect of self-discovery, setting it apart from the parent rail's focus on romantic relationships.",13,0.997
30,Romantic Comedies of Self-Discovery,6,Romantic Comedies with Mortal Stakes,"This sub-cluster adds a sense of urgency and mortality to the traditional romantic comedy, often incorporating family drama and self-discovery into a more serious narrative.",8,0.891
30,Romantic Comedies of Self-Discovery,7,European Romantic Dramas of Growth,"This sub-cluster distinguishes itself from its parent rail by emphasizing a strong focus on European settings, dramatic narrative, and explorations of hardship, loss, and healing.",19,0.944
30,Romantic Comedies of Self-Discovery,8,Wholesome Romantic Escapades,"Characterized by an emphasis on lighthearted, feel-good storytelling and a focus on uplifting emotional experiences.",14,0.973
30,Romantic Comedies of Self-Discovery,9,Romantic Comedies of Turbulent Awakening,"Characterized by heightened emotional intensity and moral complexity, these films delve deeper into the protagonist's inner struggle and relationships.",6,0.951
30,Romantic Comedies of Self-Discovery,10,European Romantic Escapes,"Characterized by its focus on charming, feel-good narratives set against the backdrop of European cultures and landscapes.",17,0.955
30,Romantic Comedies of Self-Discovery,11,Romantic Dramas of Redemption,This sub-cluster distinguishes itself from the parent rail by incorporating deeper moral exploration and a greater emphasis on character growth and redemption.,14,0.988
30,Romantic Comedies of Self-Discovery,12,Comedies of American Escapism,"Characterized by lighthearted humor and optimistic tone, focusing on comedic protagonists navigating life and relationships in the United States.",10,1.0
30,Romantic Comedies of Self-Discovery,13,Whimsical Romantic Escapades,"Characterized by an emphasis on lighthearted humor, comedic plot twists, and a focus on the protagonist's journey of self-discovery through romantic relationships.",18,1.0
30,Romantic Comedies of Self-Discovery,14,Sports Rom-Coms of Growth,"This sub-cluster combines romantic comedy with sports settings, emphasizing personal growth and self-discovery through athletic competition.",9,0.927
30,Romantic Comedies of Self-Discovery,15,Comedies of Empowerment,"This sub-cluster stands out from its parent rail by focusing on stories that not only explore themes of self-discovery but also prioritize female empowerment, social justice, and overcoming adversity.",5,0.984
30,Romantic Comedies of Self-Discovery,16,Comedies of Heartfelt Awakening,"This sub-cluster differs from its parent by prioritizing humor and situational comedy over more dramatic or introspective elements, resulting in a lighter, more uplifting tone.",11,1.0
30,Romantic Comedies of Self-Discovery,17,Comedies of Relatable Struggle,"This sub-cluster stands out from its parent rail by incorporating more dramatic and realistic elements, such as family struggles and psychological distress, while maintaining a comedic tone.",20,1.0
30,Romantic Comedies of Self-Discovery,18,American Romantic Dramedies,"Characterized by their blend of comedy, drama, and American settings, emphasizing self-discovery and moral exploration.",15,0.96
30,Romantic Comedies of Self-Discovery,19,Comedic Self-Discovery Escapades,"Characterized by lighthearted, humorous explorations of identity and relationships.",6,1.0
30,Romantic Comedies of Self-Discovery,20,American Buddy RomComs,"Character-driven, music-infused comedies that explore self-discovery through female friendships and relationships set against an American backdrop.",6,1.0
30,Romantic Comedies of Self-Discovery,21,Comedies of Relentless Pursuit,"Characterized by a relentless chase and fast-paced humor, distinguishing it from Romantic Comedies of Self-Discovery's focus on introspection and emotional growth.",10,1.0
30,Romantic Comedies of Self-Discovery,22,Comedies of Heartfelt Growth,Character-driven romantic comedies that prioritize emotional depth and self-discovery over dramatic complexity.,8,1.0
30,Romantic Comedies of Self-Discovery,23,European Existential RomComs,"Characterized by a focus on introspection, cultural exploration, and melancholic undertones set against the backdrop of European landscapes.",12,1.0
30,Romantic Comedies of Self-Discovery,24,British Romantic Melancholy,"This sub-cluster stands out from its parent rail by emphasizing a more somber, introspective tone and British settings, while downplaying lighthearted humor and upbeat emotional arcs.",10,0.949
30,Romantic Comedies of Self-Discovery,25,European Melancholic Romances,"Characterized by a focus on mood, atmosphere, and psychological distress, set against the backdrop of European locations and often featuring somber endings.",13,0.982
30,Romantic Comedies of Self-Discovery,26,European Romantic Dramas of Self-Discovery,"Characterized by their focus on introspection, atmospheric settings, and complex narratives, these films diverge from the parent rail's emphasis on lighthearted romance and happy endings.",6,1.0
30,Romantic Comedies of Self-Discovery,27,European Romantic Dramas of Self-Discovery,"Characterized by poignant European settings and a focus on drama over comedy, these films explore themes of self-discovery through complex, emotionally charged narratives.",17,1.0
30,Romantic Comedies of Self-Discovery,28,Romantic Comedies of Inner Turmoil,"This sub-cluster distinguishes itself from its parent rail by incorporating more dramatic and introspective elements, often featuring flawed protagonists and complex emotional landscapes.",5,0.949
30,Romantic Comedies of Self-Discovery,29,Romantic Comedies of Turbulent Awakening,"This sub-cluster stands out from its parent rail by emphasizing a deeper exploration of psychological distress, moral temptation, and the unraveling of trust in relationships.",8,0.959
32,LA Noir Thrillers,0,Psychological Crime Dramas,"Characterized by heightened psychological suspense and somber atmosphere, with a focus on complex mysteries and crime investigations.",17,0.586
32,LA Noir Thrillers,1,Comedic Noir Subversion,"Characterized by elevated comedic elements and suppressed dark, suspenseful themes typical of LA Noir Thrillers.",31,0.83
32,LA Noir Thrillers,2,California Gothic Horror,"Characterized by an emphasis on psychological horror, supernatural phenomena, and a somber tone, setting it apart from LA Noir Thrillers' focus on crime and corruption.",21,0.846
32,LA Noir Thrillers,3,High-Octane Hard-Boiled Thrillers,"Characterized by amplified action sequences, intense buddy camaraderie, and a focus on justice over atmospheric mood.",9,0.922
32,LA Noir Thrillers,4,Noir Thrill Ride,"Characterized by amplified action and suspense, setting it apart from LA Noir Thrillers' focus on crime drama and moral complexity.",41,0.969
32,LA Noir Thrillers,5,LA Noir Thrillers: Resilience Reborn,"This sub-cluster emphasizes female-centric narratives and overcoming adversity, setting it apart from its parent rail by prioritizing the resilience of its protagonists.",13,0.945
32,LA Noir Thrillers,6,Dark Social Commentary,"This sub-cluster stands out from LA Noir Thrillers by focusing on the intersection of social class, moral conflict, and psychological suspense to create a unique exploration of the darker aspects of human nature.",18,0.943
33,Comedic Quests and Capers,0,Satirical Escapades,"This sub-cluster stands out from its parent by incorporating sharp, irreverent humor and social commentary, often at the expense of traditional adventure tropes.",30,0.739
33,Comedic Quests and Capers,1,California Comedic Caper Coasters,"Characterized by their lighthearted, feel-good narratives set against the backdrop of California's sun-kissed landscapes.",23,0.904
33,Comedic Quests and Capers,2,Eastern-Driven Comedic Adventures,"Characterized by an emphasis on Asian culture and setting, often with a focus on martial arts and action sequences.",19,0.818
34,Buddy Cop Comedies,0,Psychological Buddy Cops,"This sub-cluster combines the buddy cop comedy format with deeper, darker themes and complex character studies.",18,0.476
34,Buddy Cop Comedies,1,High-Octane Buddy Cops,"Characterized by increased emphasis on action, violence, and thrilling chases, setting it apart from more lighthearted buddy cop comedies.",48,0.814
34,Buddy Cop Comedies,2,High-Octane Buddy Cops,"Characterized by an emphasis on action-packed chases and comedic buddy relationships, setting them apart from more lighthearted or character-driven buddy cop comedies.",17,0.823
34,Buddy Cop Comedies,3,New York City Buddy Comedies,"Characterized by their metropolitan settings and focus on male friendships, these films stand out from the parent rail with a heightened emphasis on relatable protagonists and positive emotional tone.",7,0.558
34,Buddy Cop Comedies,4,Amicable Anarchy Sub-Cluster,"Characterized by an emphasis on comedic camaraderie and lighthearted banter, this sub-group diverges from the parent rail's focus on action-packed buddy cop partnerships.",29,0.838
35,Southern Gothic Thrillers,0,Southern Crime Noir,"Characterized by a focus on crime and moral redemption, distinct from Southern Gothic Thrillers' emphasis on family, morality, and psychological suspense.",9,0.618
35,Southern Gothic Thrillers,1,Thriller Subversions,"Characterized by an increased emphasis on psychological suspense, violent crimes, and somber atmosphere, while suppressing elements of mainstream appeal and heroic narratives typical of the Southern Gothic Thrillers parent rail.",8,0.765
35,Southern Gothic Thrillers,2,Thriller Noir Revival,"Characterized by the incorporation of action and crime elements, distinguishing it from its Southern Gothic Thriller parent rail.",20,0.953
36,Crime Thrillers of Despair,0,Psychological Crime Dramas,"Character-driven explorations of moral complexity and self-discovery, often set against a backdrop of social class and cultural context.",26,0.425
36,Crime Thrillers of Despair,1,High-Octane Crime Thrillers,"Characterized by intense action sequences and relentless chases, setting them apart from more introspective crime thrillers of despair.",31,0.844
36,Crime Thrillers of Despair,2,Psychological Descent into Darkness,"This sub-cluster is distinguished from its parent by an increased emphasis on psychological suspense and a darker exploration of the human psyche, often at the expense of traditional crime thriller elements.",16,0.508
37,The Shadowed Psyche Cluster,0,Psychological Hauntings,"Characterized by an emphasis on supernatural and family-driven narratives, setting a distinct tone of eerie introspection.",49,0.985
37,The Shadowed Psyche Cluster,1,Psychological Pursuit Cluster,"Characterized by heightened emphasis on suspenseful chases and violent crimes, distinct from its parent cluster's focus on psychological exploration.",65,0.874
37,The Shadowed Psyche Cluster,2,The Turbulent Inner Realm,"Characterized by an intense focus on family dynamics, emotional turmoil, and psychological exploration, setting it apart from its parent rail with a greater emphasis on interpersonal relationships.",11,0.813
37,The Shadowed Psyche Cluster,3,Fractured Inner Realms,"Characterized by an emphasis on complex, nuanced explorations of human relationships and emotional turmoil, distinct from the parent rail's focus on suspenseful thrills and supernatural elements.",17,0.942
37,The Shadowed Psyche Cluster,4,Psychological Shadows Within,"Characterized by an emphasis on internal struggles and moral complexities, distinct from the parent rail's focus on supernatural elements and external conflicts.",14,0.903
37,The Shadowed Psyche Cluster,5,The Haunted Inner Realm,"Characterized by an emphasis on supernatural themes, religious motifs, and psychological exploration, distinct from its parent cluster's focus on good vs. evil conflicts and heroic protagonists.",18,0.914
37,The Shadowed Psyche Cluster,6,The Darkened Mirror,"Characterized by an intense focus on psychological introspection and inner turmoil, distinguishing it from its parent rail through a heightened emphasis on the protagonist's inner struggles and emotional darkness.",8,0.773
38,Psychological Horror Thrillers,0,British Satirical Thrillers,"Characterized by its blend of dark humor and British settings, distinct from the parent rail's focus on psychological horror and suspense.",22,0.988
38,Psychological Horror Thrillers,1,Comedic Psychological Thrillers,"Characterized by their blend of dark humor and suspense, setting them apart from more overtly horror-focused Psychological Horror Thrillers.",22,0.996
38,Psychological Horror Thrillers,2,Comedic Subversion Thrillers,"Characterized by the integration of humor and satire, often at the expense of traditional psychological horror elements.",17,1.0
38,Psychological Horror Thrillers,3,Thrillers of Unsettling Descent,"Characterized by an increased emphasis on violent and disturbing content, with a focus on psychological horror elements that push the boundaries of audience comfort.",16,0.982
38,Psychological Horror Thrillers,4,Atmospheric Psychological Terror,"Characterized by an emphasis on eerie atmosphere, somber tone, and supernatural elements, setting it apart from its parent rail through a focus on mood and ambiance over explicit horror or crime thriller elements.",37,0.999
38,Psychological Horror Thrillers,5,Thriller Subversions,"Characterized by an increased emphasis on suspenseful atmosphere, rivalries, and heightened tension, distinguishing it from its parent rail with a greater focus on psychological thriller elements.",6,0.974
38,Psychological Horror Thrillers,6,Thrill Ride of Survival,"This sub-cluster prioritizes intense, suspenseful storytelling over supernatural or dramatic elements, focusing on the protagonist's desperate fight for survival.",27,1.0
38,Psychological Horror Thrillers,7,Dark Psychological Descent,"This sub-cluster is distinguished from its parent by an emphasis on intense, disturbing psychological exploration and a focus on the protagonist's inner turmoil and descent into madness.",11,0.973
38,Psychological Horror Thrillers,8,Dark Psychological Realism,"Characterized by a focus on internal psychological struggles and realistic, grounded narratives, setting it apart from more supernatural or action-oriented Psychological Horror Thrillers.",17,1.0
38,Psychological Horror Thrillers,9,Psychological Character Studies,"This sub-cluster focuses on character-driven narratives that delve into the complexities and inner turmoil of protagonists, often exploring themes of identity, trauma, and personal growth.",14,0.995
38,Psychological Horror Thrillers,10,Atmospheric Psychological Terror,"Characterized by an emphasis on eerie atmosphere, suspenseful tension, and supernatural elements, setting it apart from its parent rail with a greater focus on mood and unease.",12,0.93
38,Psychological Horror Thrillers,11,Supernatural Psychological Thrillers,"Characterized by an emphasis on enchanted creatures, supernatural phenomena, and transformative make-up, setting it apart from the parent rail with a stronger focus on fantasy elements.",18,0.971
38,Psychological Horror Thrillers,12,Thrillers of Unsettling Deception,"Characterized by an emphasis on psychological manipulation and deception, setting it apart from its parent rail through a focus on the villain's story and use of shock elements.",7,0.896
38,Psychological Horror Thrillers,13,Crime-Driven Psychological Horror,"Characterized by a focus on psychological manipulation and crime, often with a more grounded, realistic tone than traditional horror thrillers.",15,0.993
38,Psychological Horror Thrillers,14,Thriller with a Human Focus,"This sub-cluster prioritizes character-driven narratives and emotional journeys over supernatural or horror elements, resulting in a more grounded and psychologically complex thriller.",26,0.997
38,Psychological Horror Thrillers,15,Dramatized Psychological Terror,"This sub-cluster prioritizes character-driven drama and introspection over traditional horror elements, resulting in a more melancholic and suspenseful narrative.",10,1.0
38,Psychological Horror Thrillers,16,Crime-Driven Psychological Thrillers,"Characterized by a strong emphasis on crime investigation and procedural elements, setting it apart from the more supernatural or fantastical elements found in other psychological horror thrillers.",7,1.0
38,Psychological Horror Thrillers,17,Thriller Subversions,"Characterized by an emphasis on psychological manipulation and complex, suspenseful narratives over supernatural or action-oriented elements.",5,1.0
38,Psychological Horror Thrillers,18,Thriller Subversion,"Characterized by an increased emphasis on psychological suspense, crime, and drama over traditional horror elements.",8,0.992
38,Psychological Horror Thrillers,19,Gory Psychological Thrillers,"Characterized by explicit violence and action-oriented elements, setting the tone for a visceral and intense viewing experience.",16,0.95
38,Psychological Horror Thrillers,20,Dark Comedy Subversions,"This sub-cluster combines elements of psychological horror with dark humor, often subverting audience expectations and creating a unique blend of genres.",15,0.994
38,Psychological Horror Thrillers,21,Religious Psychological Thrillers,"Characterized by explicit exploration of faith and spirituality, often incorporating supernatural elements and moral ambiguity.",9,0.954
38,Psychological Horror Thrillers,22,Supernatural Psychological Thrillers,"Characterized by an emphasis on supernatural elements, eerie atmosphere, and a sense of repulsiveness, setting it apart from the parent rail's focus on psychological horror and thriller tropes.",10,0.992
38,Psychological Horror Thrillers,23,Ethereal Terror Subtext,"Characterized by an emphasis on atmospheric tension, supernatural elements, and a focus on psychological unease over explicit horror or action.",10,1.0
38,Psychological Horror Thrillers,24,Supernatural Psychological Thrills,"Characterized by an increased emphasis on supernatural elements and eerie atmosphere, distinct from its parent rail's focus on psychological horror and thriller tropes.",9,0.991
38,Psychological Horror Thrillers,25,Supernatural Folk Horror,"Characterized by an emphasis on rural settings, supernatural phenomena, and folkloric themes, distinct from the broader Psychological Horror Thrillers rail.",12,1.0
38,Psychological Horror Thrillers,26,American Supernatural Thrills,"Characterized by an emphasis on supernatural elements, American settings, and a focus on thrilling narrative twists.",7,0.995
38,Psychological Horror Thrillers,27,European Gothic Mysteries,"Characterized by an emphasis on supernatural phenomena, enchanted creatures, and village stories set against a backdrop of psychological suspense and unease.",10,1.0
38,Psychological Horror Thrillers,28,American Psychological Mysteries,"Characterized by supernatural elements and a focus on American settings, this sub-cluster diverges from the parent rail by incorporating fantastical realms and changing life directions.",7,1.0
38,Psychological Horror Thrillers,29,European Psyche Thrillers,"Characterized by a strong focus on psychological tension, drama, and self-discovery set against the backdrop of European culture and society.",5,1.0
38,Psychological Horror Thrillers,30,American Metaphysical Thrillers,"Characterized by a blend of psychological horror and American settings, with an emphasis on moral redemption and law enforcement narratives.",5,1.0
38,Psychological Horror Thrillers,31,Survival Horror Subcluster,"Characterized by an emphasis on physical survival and action, distinguishing it from the parent Psychological Horror Thrillers rail.",11,0.998
38,Psychological Horror Thrillers,32,Thriller Subversions,"Characterized by an emphasis on suspenseful atmosphere and a lack of explicit horror elements, setting it apart from its parent rail's focus on psychological distress.",9,0.996
40,Psychological Thrillers of Isolation,0,Isolated Psyche Descent,"Characterized by an intense focus on the protagonist's psychological unraveling, often with a blurring of lines between reality and madness.",12,0.504
40,Psychological Thrillers of Isolation,1,Isolated Psyche Odyssey,"Character-driven explorations of inner turmoil and psychological fragmentation, distinct from the parent rail's focus on external threats and survival struggles.",9,0.676
40,Psychological Thrillers of Isolation,2,Thrillers of Obsession,"Characterized by a strong focus on detective work, retribution, and the pursuit of justice, setting it apart from its parent rail's emphasis on psychological suspense and exploration of isolation.",9,0.395
40,Psychological Thrillers of Isolation,3,Thrillers of Isolated Descent,"This sub-cluster distinguishes itself from its parent by focusing on the psychological and emotional unraveling of isolated protagonists, often with a strong emphasis on family struggles and relationship turmoil.",14,0.547
40,Psychological Thrillers of Isolation,4,Isolated Quests with Humor,"Characterized by a blend of psychological tension and comedic relief, setting it apart from its isolation-focused parent rail.",67,0.805
41,High-Octane Thrill Ride,0,Thrill Ride with a Twist,"Characterized by an increased emphasis on high-stakes action, technical spectacle, and morally complex conflicts, setting it apart from the parent rail's focus on straightforward thrills.",67,0.896
41,High-Octane Thrill Ride,1,Thriller's Darker Edge,"Characterized by intense psychological suspense and moral complexity, this sub-cluster delves deeper into the human psyche than its parent rail.",32,0.959
41,High-Octane Thrill Ride,2,Mystery-Driven Thrills,"Characterized by elevated emphasis on mystery, drama, and suspense over high-octane action and adventure.",25,0.903
41,High-Octane Thrill Ride,3,French Noir Revival,"Characterized by its focus on psychological manipulation, family restoration, and metropolitan settings, distinct from the high-octane action and adventure of the parent rail.",5,0.586
41,High-Octane Thrill Ride,4,American Crime Frenzy,"Characterized by intense, crime-driven narratives set in America, with a focus on flawed protagonists and explicit violence.",21,0.815
42,Gritty Crime Thrillers,0,Crime Dramas with Family Focus,This sub-cluster distinguishes itself from the parent rail by prioritizing family drama and character development over fast-paced action and thriller elements.,13,0.884
42,Gritty Crime Thrillers,1,Crime Thrillers with Family Focus,This sub-cluster stands out from its parent rail by prioritizing family dynamics and moral exploration over traditional crime thriller elements.,15,0.92
42,Gritty Crime Thrillers,2,Darkly Unpredictable Thrills,"Characterized by increased focus on psychological complexity, genre-bending plot twists, and morally ambiguous protagonists.",5,0.953
42,Gritty Crime Thrillers,3,Crime Thrillers of Deceit,"Characterized by a focus on intricate plots, treachery, and survival over traditional family dynamics.",26,0.933
43,Action Thrill Ride Cluster,0,Crime Thriller Subcluster,"Characterized by a strong focus on crime, law enforcement, and moral exploration, setting it apart from the Action Thrill Ride Cluster's emphasis on high-stakes action and adventure.",19,1.0
43,Action Thrill Ride Cluster,1,Dark Crime Odyssey,"Characterized by a focus on psychological suspense and drama, with a emphasis on crime and retribution over high-stakes action and thrills.",25,0.999
43,Action Thrill Ride Cluster,2,Survival Epic Cluster,"Characterized by an emphasis on psychological challenges, natural splendor, and female-centric narratives, setting it apart from the action-packed thrill rides of its parent cluster.",24,1.0
43,Action Thrill Ride Cluster,3,Crime Thriller Subcluster,"Characterized by a focus on crime and retribution, with an emphasis on dark humor and unconventional storytelling.",22,1.0
43,Action Thrill Ride Cluster,4,High-Octane Adventure Cluster,"Characterized by an emphasis on thrilling action sequences, expert protagonists, and sophisticated visual effects integration.",30,1.0
43,Action Thrill Ride Cluster,5,War-Torn Action Flicks,"Characterized by a strong emphasis on wartime narratives and themes, setting it apart from the broader Action Thrill Ride Cluster.",13,1.0
43,Action Thrill Ride Cluster,6,High-Octane Crime Thrillers,Character-driven stories with intense action sequences and a focus on crime investigation.,12,1.0
43,Action Thrill Ride Cluster,7,Thriller Escalation Cluster,"Characterized by an increased emphasis on retribution and intense, suspenseful narratives, distinct from the Action Thrill Ride Cluster's focus on high-octane action sequences.",14,1.0
